score,sig,desc,a,lvl_a,b,lvl_b
1.000,1.000,1.000,Shield,1,Shield,1
1.000,1.000,1.000,Shield,1,Shield,1
1.000,1.000,1.000,Shield,1,Shield,1
0.948,0.914,1.000,Darkness,2,Eyes of the Dark: Darkness,2
0.908,0.963,0.826,Dominate Beast,4,Dominate Person,5
0.892,0.932,0.833,Cure Wounds,1,Healing Word,1
0.887,0.952,0.789,Hold Monster,5,Hold Person,2
0.886,0.925,0.828,Invisibility,2,Greater Invisibility,4
0.829,0.810,0.857,Barkskin,2,Shield of Faith,1
0.824,0.930,0.667,Prayer of Healing,2,Healing Word,1
0.814,0.857,0.750,Barkskin,2,Mage Armour,1
0.771,0.773,0.769,Bane,1,Bless,1
0.767,0.944,0.500,Prayer of Healing,2,Cure Wounds,1
0.758,0.800,0.696,Mage Armour,1,Shield of Faith,1
0.743,0.857,0.571,Enhance Leap,1,Longstrider,1
0.741,0.959,0.414,Lightning Bolt,3,Thunderwave,1
0.741,0.810,0.636,Blur,2,Dispel Evil And Good,5
0.732,0.897,0.483,Grease,1,Web,2
0.726,0.810,0.600,Sleep,1,Colour Spray,1
0.723,0.974,0.345,Wall of Fire,4,Wall of Ice,6
0.716,0.971,0.333,Mass Healing Word,3,Prayer of Healing,2
0.713,0.876,0.467,Dispel Evil And Good,5,Protection from Evil and Good,1
0.710,0.917,0.400,Mass Healing Word,3,Mass Cure Wounds,5
0.709,0.895,0.429,Fire Bolt,0,Scorching Ray,2
0.700,0.853,0.471,Blade Ward,0,Stoneskin,4
0.694,0.935,0.333,Wall of Fire,4,Wall of Thorns,6
0.693,0.877,0.417,Wall of Ice,6,Wall of Stone,5
0.690,0.904,0.368,Protection from Energy,3,Stoneskin,4
0.688,0.833,0.471,Aid,2,Mass Healing Word,3
0.688,0.825,0.483,Protection from Poison,2,Remove Curse,3
0.688,0.941,0.308,Conjure Elemental,5,Conjure Minor Elemental,4
0.687,0.889,0.385,Greater Restoration,5,Remove Curse,3
0.685,0.936,0.308,Branding Smite,2,Staggering Smite,4
0.684,0.901,0.357,Protection from Energy,3,Remove Curse,3
0.683,0.880,0.387,Bless,1,Resistance,0
0.679,0.930,0.303,Misty Step,2,Dimension Door,4
0.679,0.909,0.333,Entangle,1,Grease,1
0.677,0.962,0.250,Animal Friendship,1,Charm Person,1
0.675,0.812,0.471,Thaumaturgy,0,Friends,0
0.670,0.831,0.429,Globe of Invulnerability,6,Silence,2
0.670,0.895,0.333,Heroism,1,Resistance,0
0.667,0.904,0.312,Fireball,3,Lightning Bolt,3
0.667,0.915,0.294,Wrathful Smite,1,Staggering Smite,4
0.666,0.895,0.323,Haste,3,Heroism,1
0.666,0.952,0.235,Acid Splash,0,Poison Spray,0
0.665,0.935,0.261,Entangle,1,Stinking Cloud,3
0.665,0.879,0.345,Lightning Bolt,3,Sunbeam,6
0.663,0.892,0.320,Guidance,0,Resistance,0
0.662,0.914,0.286,Blade Barrier,6,Wall of Fire,4
0.661,0.880,0.333,Evard's Black Tentacles,4,Plant Growth,3
0.660,0.789,0.467,Divine Favour,1,Hex,1
0.660,0.886,0.320,Evard's Black Tentacles,4,Fog Cloud,1
0.658,0.895,0.303,Flame Strike,5,Lightning Bolt,3
0.658,0.907,0.286,Grant Flight,3,Haste,3
0.658,0.937,0.240,Entangle,1,Web,2
0.658,0.816,0.421,Divine Favour,1,Hellish Rebuke,1
0.657,0.894,0.300,Flame Strike,5,Ice Storm,4
0.655,0.952,0.211,Acid Splash,0,Sacred Flame,0
0.655,0.901,0.286,Wall of Fire,4,Wall of Stone,5
0.654,0.892,0.296,Enhance Ability,2,Grant Flight,3
0.653,0.849,0.359,Otiluke's Freezing Sphere,6,Wall of Ice,6
0.652,0.905,0.273,Acid Splash,0,Vicious Mockery,0
0.649,0.600,0.722,Dissonant Whispers,1,Wrathful Smite,1
0.649,0.943,0.207,Phantasmal Force,2,Phantasmal Killer,4
0.649,0.795,0.429,Conjure Minor Elemental,4,Conjure Woodland Being,4
0.648,0.946,0.200,Cure Wounds,1,Mass Cure Wounds,5
0.647,0.849,0.343,Bless,1,Elemental Weapon,3
0.646,0.933,0.214,Branding Smite,2,Searing Smite,1
0.645,0.878,0.296,Bane,1,Blindness,2
0.644,0.907,0.250,Darkvision,2,Longstrider,1
0.644,0.863,0.316,Animal Friendship,1,Bane,1
0.643,0.861,0.316,Elemental Weapon,3,Resistance,0
0.643,0.861,0.316,Wall of Stone,5,Wall of Thorns,6
0.643,0.703,0.552,Crusader's Mantle,3,Divine Favour,1
0.641,0.958,0.167,Mass Healing Word,3,Healing Word,1
0.641,0.810,0.387,Protection from Energy,3,Protection from Poison,2
0.641,0.862,0.308,Sunbeam,6,Thunderwave,1
0.640,0.704,0.545,Dissonant Whispers,1,Fear,3
0.640,0.892,0.263,Blade Barrier,6,Wall of Ice,6
0.639,0.826,0.359,Phantasmal Killer,4,Fear,3
0.639,0.932,0.200,Mass Cure Wounds,5,Healing Word,1
0.638,0.882,0.273,Greater Restoration,5,Lesser Restoration,2
0.638,0.882,0.270,Circle of Death,6,Cone of Cold,5
0.637,0.762,0.450,Dissonant Whispers,1,Phantasmal Killer,4
0.637,0.900,0.242,Shatter,2,Thunderwave,1
0.636,0.772,0.432,Flame Blade,2,Shadow Blade,2
0.636,0.882,0.267,Disguise Self,1,Seeming,5
0.636,0.830,0.345,Blindness,2,Faerie Fire,1
0.636,0.911,0.222,Wall of Ice,6,Wall of Thorns,6
0.635,0.800,0.387,Destructive Wave,5,Thunderwave,1
0.633,0.845,0.316,Healing Word,1,Misty Step,2
0.633,0.889,0.250,Protection from Energy,3,Resistance,0
0.632,0.925,0.194,Evard's Black Tentacles,4,Web,2
0.632,0.831,0.333,Darkness,2,Fog Cloud,1
0.631,0.886,0.250,Speak with Animals,1,Thaumaturgy,0
0.630,0.889,0.242,Bane,1,Slow,3
0.630,0.872,0.267,Evard's Black Tentacles,4,Grease,1
0.629,0.838,0.316,Speak with Animals,1,Grant Flight,3
0.629,0.876,0.258,Cone of Cold,5,Thunderwave,1
0.629,0.937,0.167,Fog Cloud,1,Web,2
0.628,0.885,0.242,Fireball,3,Flame Strike,5
0.627,0.911,0.200,Wind Walk,6,Gaseous Form,3
0.627,0.892,0.229,Haste,3,Resistance,0
0.624,0.926,0.171,Circle of Death,6,Lightning Bolt,3
0.624,0.907,0.200,Branding Smite,2,Wrathful Smite,1
0.624,0.883,0.235,Fireball,3,Cone of Cold,5
0.624,0.944,0.143,Poison Spray,0,Sacred Flame,0
0.623,0.830,0.312,Circle of Death,6,Sunbeam,6
0.622,0.877,0.240,Enhance Ability,2,Guidance,0
0.621,0.789,0.370,Enhance Ability,2,Friends,0
0.621,0.762,0.410,Elemental Weapon,3,Magic Weapon,2
0.621,0.853,0.273,Bless,1,Guidance,0
0.621,0.930,0.158,Elemental Weapon,3,Enhance Ability,2
0.620,0.886,0.222,Elemental Weapon,3,Protection from Energy,3
0.620,0.880,0.231,Darkvision,2,Grant Flight,3
0.620,0.935,0.148,Bless,1,Heroism,1
0.620,0.875,0.238,Disintegrate,6,Circle of Death,6
0.620,0.861,0.258,Darkvision,2,Protection from Energy,3
0.620,0.876,0.235,Command,1,Hold Monster,5
0.619,0.907,0.188,Circle of Death,6,Thunderwave,1
0.619,0.846,0.279,Gaseous Form,3,Haste,3
0.619,0.907,0.188,Bless,1,Haste,3
0.619,0.857,0.261,Fog Cloud,1,Grease,1
0.619,0.906,0.188,Searing Smite,1,Staggering Smite,4
0.618,0.877,0.231,Barkskin,2,Protection from Energy,3
0.618,0.909,0.182,Fog Cloud,1,Stinking Cloud,3
0.618,0.839,0.286,Flame Strike,5,Cone of Cold,5
0.618,0.918,0.167,Shatter,2,Lightning Bolt,3
0.617,0.872,0.235,Cure Wounds,1,Heal,6
0.617,0.828,0.300,Blinding Smite,3,Branding Smite,2
0.617,0.880,0.222,Barkskin,2,Darkvision,2
0.617,0.880,0.222,Grant Flight,3,Guidance,0
0.617,0.917,0.167,Mass Healing Word,3,Cure Wounds,1
0.616,0.849,0.267,Remove Curse,3,Resistance,0
0.616,0.865,0.242,Bane,1,Confusion,4
0.616,0.796,0.345,Scorching Ray,2,Witch Bolt,1
0.615,0.872,0.231,Detect Thoughts,2,See Invisibility,2
0.615,0.917,0.162,Darkvision,2,Elemental Weapon,3
0.614,0.842,0.273,Darkvision,2,Enhance Leap,1
0.614,0.902,0.182,Blade Barrier,6,Wall of Thorns,6
0.614,0.886,0.207,Elemental Weapon,3,Seeming,5
0.614,0.883,0.211,Darkvision,2,Death Ward,4
0.614,0.970,0.080,Animate Dead,3,Conjure Elemental,5
0.614,0.821,0.303,Barkskin,2,Death Ward,4
0.613,0.800,0.333,Thaumaturgy,0,Enhance Ability,2
0.613,0.971,0.077,Conjure Elemental,5,Planar Ally,6
0.613,0.860,0.242,Blindness,2,Hold Monster,5
0.613,0.873,0.222,Otiluke's Freezing Sphere,6,Wall of Fire,4
0.612,0.880,0.211,Barkskin,2,Guidance,0
0.612,0.853,0.250,Enlarge/Reduce,2,Protection from Energy,3
0.612,0.871,0.222,Blindness,2,Tasha's Hideous Laughter,1
0.611,0.958,0.091,Conjure Minor Elemental,4,Find Familiar,1
0.611,0.861,0.235,Aid,2,Prayer of Healing,2
0.610,0.845,0.258,Stoneskin,4,Wall of Stone,5
0.610,0.880,0.205,Darkvision,2,Stoneskin,4
0.610,0.876,0.211,Animal Friendship,1,Tasha's Hideous Laughter,1
0.610,0.811,0.308,Guiding Bolt,1,Ray of Sickness,1
0.610,0.879,0.207,Animal Friendship,1,Crown of Madness,2
0.610,0.861,0.233,Elemental Weapon,3,Hex,1
0.610,0.846,0.255,Bestow Curse,3,Phantasmal Killer,4
0.609,0.838,0.267,Seeming,5,Colour Spray,1
0.609,0.816,0.300,Animal Friendship,1,Compelled Duel,1
0.609,0.833,0.273,Lesser Restoration,2,Remove Curse,3
0.608,0.857,0.235,Barkskin,2,Enhance Leap,1
0.608,0.814,0.300,Entangle,1,Grasping Vine,4
0.608,0.817,0.294,Destructive Wave,5,Lightning Bolt,3
0.608,0.861,0.229,Grant Flight,3,Gaseous Form,3
0.608,0.865,0.222,Remove Curse,3,Stoneskin,4
0.608,0.846,0.250,Bestow Curse,3,Command,1
0.607,0.780,0.348,Bless,1,Warding Bond,2
0.607,0.891,0.182,Bane,1,Bestow Curse,3
0.607,0.838,0.261,Speak with Animals,1,Bless,1
0.607,0.789,0.333,Enlarge/Reduce,2,Remove Curse,3
0.607,0.944,0.100,Prayer of Healing,2,Mass Cure Wounds,5
0.607,0.947,0.095,Barkskin,2,Grant Flight,3
0.607,0.893,0.176,Cone of Cold,5,Lightning Bolt,3
0.606,0.868,0.214,Animal Friendship,1,Dominate Beast,4
0.606,0.868,0.214,Command,1,Tasha's Hideous Laughter,1
0.606,0.899,0.167,Animate Dead,3,Enhance Ability,2
0.605,0.868,0.211,Barkskin,2,Longstrider,1
0.605,0.938,0.105,Sacred Flame,0,Vicious Mockery,0
0.605,0.865,0.214,Mage Armour,1,Protection from Energy,3
0.604,0.817,0.286,Elemental Weapon,3,Find Familiar,1
0.604,0.849,0.235,Speak with Animals,1,Guidance,0
0.604,0.822,0.276,Circle of Death,6,Inflict Wounds,1
0.604,0.876,0.195,Ice Storm,4,Cone of Cold,5
0.604,0.771,0.353,Scorching Ray,2,Burning Hands,1
0.604,0.868,0.207,Fireball,3,Thunderwave,1
0.603,0.839,0.250,Blinding Smite,3,Staggering Smite,4
0.603,0.857,0.222,Hellish Rebuke,1,Wall of Ice,6
0.603,0.857,0.222,Conjure Elemental,5,Haste,3
0.603,0.857,0.222,Conjure Minor Elemental,4,Revivify,3
0.603,0.815,0.286,Resistance,0,Warding Bond,2
0.603,0.889,0.174,Guidance,0,Protection from Energy,3
0.603,0.765,0.359,Fire Shield,4,Protection from Energy,3
0.603,0.827,0.267,Beacon of Hope,3,Thaumaturgy,0
0.603,0.862,0.213,Crown of Madness,2,Dominate Person,5
0.602,0.837,0.250,Greater Restoration,5,Heal,6
0.602,0.826,0.267,Chromatic Orb,1,Scorching Ray,2
0.602,0.912,0.138,Elemental Weapon,3,Wall of Stone,5
0.602,0.718,0.429,Thaumaturgy,0,True Strike,0
0.602,0.925,0.118,Poison Spray,0,Vicious Mockery,0
0.602,0.895,0.162,Charm Person,1,Hold Person,2
0.602,0.865,0.207,Fog Cloud,1,Plant Growth,3
0.601,0.842,0.240,Armour of Agathys,1,Speak with Animals,1
0.601,0.868,0.200,Mage Armour,1,Resistance,0
0.601,0.849,0.229,Tasha's Hideous Laughter,1,Phantasmal Killer,4
0.601,0.880,0.182,Wind Walk,6,Haste,3
0.600,0.912,0.133,Animate Dead,3,Conjure Minor Elemental,4
0.600,0.889,0.167,Circle of Death,6,Dissonant Whispers,1
0.600,0.889,0.167,Darkvision,2,Seeming,5
0.600,0.846,0.231,Heroism,1,Mage Armour,1
0.600,0.933,0.100,Resistance,0,Stoneskin,4
0.600,0.907,0.138,Circle of Death,6,Harm,6
0.599,0.885,0.171,Charm Person,1,Hold Monster,5
0.599,0.907,0.138,Barkskin,2,Haste,3
0.599,0.877,0.182,Darkvision,2,Enhance Ability,2
0.599,0.877,0.182,Elemental Weapon,3,Stoneskin,4
0.599,0.887,0.167,Command,1,Hold Person,2
0.599,0.831,0.250,Stinking Cloud,3,Wall of Thorns,6
0.598,0.848,0.222,Animate Dead,3,Knock,2
0.598,0.860,0.205,Charm Person,1,Crown of Madness,2
0.597,0.805,0.286,Bless,1,Colour Spray,1
0.597,0.868,0.190,Guidance,0,Heroism,1
0.597,0.857,0.207,Conjure Minor Elemental,4,Elemental Weapon,3
0.597,0.868,0.190,Charm Person,1,Dominate Person,5
0.597,0.759,0.353,Friends,0,True Strike,0
0.597,0.877,0.176,Grease,1,Plant Growth,3
0.597,0.846,0.222,Bless,1,Sleep,1
0.597,0.883,0.167,Heal,6,Remove Curse,3
0.596,0.865,0.194,Bless,1,Enhance Ability,2
0.596,0.771,0.333,Lesser Restoration,2,Protection from Energy,3
0.596,0.853,0.211,Otiluke's Freezing Sphere,6,Protection from Energy,3
0.596,0.860,0.200,Flame Strike,5,Thunderwave,1
0.596,0.400,0.889,Banishing Smite,5,Banishment,4
0.595,0.850,0.213,Feign Death,3,Gaseous Form,3
0.595,0.725,0.400,Dancing Lights,0,Enhance Leap,1
0.595,0.877,0.171,Enhance Ability,2,Haste,3
0.595,0.574,0.625,Ray of Frost,0,Longstrider,1
0.595,0.853,0.207,Glyph of Warding,3,Wall of Stone,5
0.594,0.800,0.286,Greater Restoration,5,Protection from Energy,3
0.594,0.872,0.178,Death Ward,4,Stoneskin,4
0.594,0.833,0.235,Animate Dead,3,Entangle,1
0.594,0.849,0.211,Barkskin,2,Seeming,5
0.594,0.849,0.211,Cure Wounds,1,Remove Curse,3
0.593,0.822,0.250,Otiluke's Freezing Sphere,6,Spike Growth,2
0.593,0.753,0.353,Enlarge/Reduce,2,Resistance,0
0.593,0.893,0.143,Bane,1,Command,1
0.593,0.874,0.171,Bane,1,Phantasmal Killer,4
0.593,0.831,0.235,Heal,6,Healing Word,1
0.593,0.937,0.077,Evard's Black Tentacles,4,Entangle,1
0.593,0.845,0.214,Conjure Elemental,5,Grant Flight,3
0.593,0.835,0.229,Death Ward,4,Mage Armour,1
0.593,0.793,0.292,Melf's Acid Arrow,2,Witch Bolt,1
0.592,0.849,0.207,Darkvision,2,Remove Curse,3
0.592,0.857,0.195,Hold Monster,5,Phantasmal Killer,4
0.592,0.833,0.231,Blade Ward,0,Protection from Energy,3
0.592,0.827,0.240,Thunderous Smite,1,Staggering Smite,4
0.592,0.796,0.286,Circle of Death,6,Ice Storm,4
0.592,0.876,0.167,Searing Smite,1,Wrathful Smite,1
0.592,0.846,0.211,Tasha's Hideous Laughter,1,Polymorph,4
0.592,0.857,0.194,Darkness,2,Entangle,1
0.592,0.865,0.182,False Life,1,Speak with Animals,1
0.592,0.865,0.182,Darkvision,2,Resistance,0
0.591,0.795,0.286,Entangle,1,Wall of Thorns,6
0.591,0.880,0.158,Elemental Weapon,3,Enlarge/Reduce,2
0.591,0.831,0.231,Blinding Smite,3,Searing Smite,1
0.591,0.842,0.214,See Invisibility,2,Darkvision,2
0.591,0.763,0.333,Blight,4,Shatter,2
0.591,0.738,0.370,Acid Splash,0,Lightning Bolt,3
0.591,0.868,0.174,Elemental Weapon,3,Gaseous Form,3
0.590,0.895,0.133,Tasha's Hideous Laughter,1,Hold Monster,5
0.590,0.842,0.213,Spirit Guardians,3,Spike Growth,2
0.590,0.877,0.160,Grant Flight,3,Protection from Energy,3
0.590,0.733,0.375,Invisibility,2,Protection from Poison,2
0.590,0.820,0.245,Melf's Acid Arrow,2,Chromatic Orb,1
0.590,0.909,0.111,Heroism,1,Stoneskin,4
0.590,0.821,0.244,Destructive Wave,5,Otiluke's Freezing Sphere,6
0.590,0.778,0.308,Healing Word,1,Dimension Door,4
0.590,0.849,0.200,Blade Ward,0,Speak with Animals,1
0.590,0.830,0.229,Compelled Duel,1,Crown of Madness,2
0.590,0.865,0.176,Elemental Weapon,3,Heroism,1
0.589,0.816,0.250,Shield,1,Shield of Faith,1
0.589,0.816,0.250,Shield,1,Shield of Faith,1
0.589,0.816,0.250,Shield,1,Shield of Faith,1
0.589,0.869,0.170,Bestow Curse,3,Blindness,2
0.589,0.857,0.188,Dominate Person,5,Polymorph,4
0.589,0.838,0.216,Feign Death,3,Protection from Energy,3
0.589,0.771,0.316,Prayer of Healing,2,Misty Step,2
0.589,0.822,0.240,Speak with Animals,1,Darkvision,2
0.589,0.759,0.333,Dancing Lights,0,Longstrider,1
0.589,0.759,0.333,Longstrider,1,Shield of Faith,1
0.589,0.771,0.316,Evard's Black Tentacles,4,Blade Barrier,6
0.589,0.833,0.222,False Life,1,Thaumaturgy,0
0.589,0.860,0.182,Animal Friendship,1,Blindness,2
0.589,0.857,0.186,Shield,1,Glyph of Warding,3
0.589,0.857,0.186,Shield,1,Glyph of Warding,3
0.589,0.857,0.186,Shield,1,Glyph of Warding,3
0.589,0.773,0.312,Wall of Ice,6,Lightning Bolt,3
0.589,0.860,0.182,Phantasmal Killer,4,Planar Binding,5
0.588,0.827,0.231,Heroism,1,Remove Curse,3
0.588,0.824,0.235,Destructive Wave,5,Wall of Ice,6
0.588,0.853,0.190,See Invisibility,2,Speak with Animals,1
0.588,0.790,0.286,Branding Smite,2,Thunderous Smite,1
0.588,0.912,0.103,Conjure Elemental,5,Glyph of Warding,3
0.588,0.887,0.140,Dominate Person,5,Hold Monster,5
0.588,0.877,0.154,Burning Hands,1,Cone of Cold,5
0.587,0.827,0.229,Feign Death,3,Remove Curse,3
0.587,0.842,0.205,Feign Death,3,Resistance,0
0.587,0.872,0.160,Mass Cure Wounds,5,Heal,6
0.587,0.827,0.227,Bestow Curse,3,Tasha's Hideous Laughter,1
0.587,0.845,0.200,Animate Dead,3,Stinking Cloud,3
0.587,0.857,0.182,Mass Cure Wounds,5,Wall of Stone,5
0.587,0.756,0.333,Eyes of the Dark: Darkness,2,Fog Cloud,1
0.587,0.827,0.227,Chromatic Orb,1,Otiluke's Freezing Sphere,6
0.587,0.807,0.256,Ice Storm,4,Lightning Bolt,3
0.587,0.871,0.160,Bane,1,Compelled Duel,1
0.587,0.882,0.143,Disguise Self,1,Elemental Weapon,3
0.586,0.811,0.250,Barkskin,2,Remove Curse,3
0.586,0.811,0.250,Friends,0,Enhance Leap,1
0.586,0.872,0.158,Spike Growth,2,Stinking Cloud,3
0.586,0.790,0.280,Haste,3,Warding Bond,2
0.586,0.865,0.167,Circle of Death,6,Flame Strike,5
0.586,0.865,0.167,Darkvision,2,Guidance,0
0.585,0.857,0.178,Feign Death,3,Stoneskin,4
0.585,0.842,0.200,Detect Thoughts,2,Darkvision,2
0.585,0.842,0.200,Feign Death,3,Haste,3
0.585,0.842,0.200,Blade Barrier,6,Wall of Stone,5
0.585,0.916,0.089,Dominate Person,5,Hold Person,2
0.585,0.868,0.160,Barkskin,2,Bless,1
0.585,0.857,0.176,Hellish Rebuke,1,Otiluke's Freezing Sphere,6
0.585,0.857,0.176,Compelled Duel,1,Planar Binding,5
0.585,0.857,0.176,Conjure Elemental,5,Darkvision,2
0.585,0.886,0.133,Blur,2,Thaumaturgy,0
0.585,0.769,0.308,Create Undead,6,Find Familiar,1
0.585,0.829,0.217,Chromatic Orb,1,Spike Growth,2
0.585,0.727,0.370,Bestow Curse,3,Hex,1
0.584,0.790,0.276,Globe of Invulnerability,6,Protection from Energy,3
0.584,0.800,0.261,Grasping Vine,4,Stinking Cloud,3
0.584,0.868,0.158,Charm Person,1,Dominate Beast,4
0.584,0.857,0.174,Animal Friendship,1,Command,1
0.584,0.857,0.174,Conjure Minor Elemental,4,Protection from Energy,3
0.584,0.783,0.286,Counterspell,3,Colour Spray,1
0.584,0.857,0.174,Grant Flight,3,Heroism,1
0.584,0.830,0.214,Animal Friendship,1,Confusion,4
0.584,0.767,0.308,Guidance,0,Magic Weapon,2
0.583,0.811,0.242,Hellish Rebuke,1,Hex,1
0.583,0.912,0.091,Animate Dead,3,Protection from Energy,3
0.583,0.845,0.190,Stinking Cloud,3,Wall of Stone,5
0.583,0.832,0.211,Blindness,2,Phantasmal Killer,4
0.583,0.911,0.091,Death Ward,4,Feign Death,3
0.583,0.819,0.229,Inflict Wounds,1,Spike Growth,2
0.583,0.831,0.211,Create or Destroy Water,1,Entangle,1
0.583,0.742,0.345,Greater Restoration,5,Protection from Poison,2
0.583,0.838,0.200,Charm Person,1,Phantasmal Killer,4
0.583,0.833,0.207,Elemental Weapon,3,Guidance,0
0.583,0.930,0.062,Enhance Ability,2,Protection from Energy,3
0.583,0.842,0.194,Haste,3,Mage Armour,1
0.583,0.842,0.194,Longstrider,1,Stoneskin,4
0.583,0.860,0.167,Dominate Person,5,Phantasmal Killer,4
0.583,0.863,0.162,Dissonant Whispers,1,Shatter,2
0.582,0.759,0.318,Circle of Death,6,Spike Growth,2
0.582,0.923,0.071,Stinking Cloud,3,Web,2
0.582,0.857,0.170,Hex,1,Spike Growth,2
0.582,0.849,0.182,Hellish Rebuke,1,Spirit Guardians,3
0.582,0.849,0.182,Bless,1,Seeming,5
0.582,0.892,0.118,Darkvision,2,Haste,3
0.582,0.854,0.174,Animal Friendship,1,Hypnotic Pattern,3
0.582,0.790,0.270,Pass Without Trace,2,Resistance,0
0.582,0.790,0.270,Silence,2,Stoneskin,4
0.582,0.808,0.244,Disintegrate,6,Cone of Cold,5
0.582,0.822,0.222,Friends,0,Longstrider,1
0.582,0.816,0.231,Stinking Cloud,3,Wall of Fire,4
0.582,0.852,0.176,Crown of Madness,2,Tasha's Hideous Laughter,1
0.581,0.831,0.207,Enhance Leap,1,Stoneskin,4
0.581,0.842,0.190,Guidance,0,Mage Armour,1
0.581,0.923,0.069,Evard's Black Tentacles,4,Stinking Cloud,3
0.581,0.886,0.125,Planar Ally,6,Seeming,5
0.581,0.880,0.133,Enhance Ability,2,Heroism,1
0.581,0.778,0.286,Magic Missile,1,Scorching Ray,2
0.581,0.778,0.286,Conjure Minor Elemental,4,Cure Wounds,1
0.581,0.857,0.167,Barkskin,2,Heroism,1
0.581,0.857,0.167,Darkvision,2,Wall of Stone,5
0.581,0.604,0.545,Flame Blade,2,Produce Flame,0
0.581,0.879,0.133,Disguise Self,1,Wall of Stone,5
0.581,0.879,0.133,Animate Dead,3,Otiluke's Freezing Sphere,6
0.581,0.879,0.133,Animate Dead,3,Wall of Stone,5
0.581,0.897,0.105,Entangle,1,Fog Cloud,1
0.581,0.841,0.190,Disguise Self,1,Find Familiar,1
0.580,0.865,0.154,Guidance,0,Haste,3
0.580,0.795,0.258,Destructive Wave,5,Wall of Fire,4
0.580,0.815,0.229,Bless,1,Otto's Irresistible Dance,6
0.580,0.827,0.211,Animate Dead,3,Create Undead,6
0.580,0.849,0.176,Evard's Black Tentacles,4,Conjure Elemental,5
0.580,0.759,0.312,Bless,1,Magic Weapon,2
0.580,0.895,0.108,Bless,1,Stoneskin,4
0.580,0.829,0.205,Protection from Poison,2,Stoneskin,4
0.579,0.744,0.333,Otto's Irresistible Dance,6,Protection from Energy,3
0.579,0.882,0.125,Seeming,5,Wall of Stone,5
0.579,0.885,0.121,Bane,1,Dominate Beast,4
0.579,0.817,0.222,Hunger of Hadar,3,Silence,2
0.579,0.825,0.211,Gaseous Form,3,Heroism,1
0.579,0.863,0.154,Arms of Hadar,1,Circle of Death,6
0.579,0.899,0.100,Spirit Guardians,3,Conjure Elemental,5
0.579,0.817,0.222,Blur,2,Friends,0
0.579,0.817,0.222,Enhance Ability,2,Revivify,3
0.579,0.840,0.188,Blindness,2,Charm Person,1
0.579,0.895,0.105,Darkvision,2,Feign Death,3
0.579,0.865,0.149,Bestow Curse,3,Phantasmal Force,2
0.578,0.734,0.345,Blur,2,Otto's Irresistible Dance,6
0.578,0.773,0.286,Cure Wounds,1,Longstrider,1
0.578,0.830,0.200,Banishment,4,Flesh to Stone,6
0.578,0.821,0.214,Barkskin,2,Enlarge/Reduce,2
0.578,0.823,0.211,Blinding Smite,3,Thunderous Smite,1
0.578,0.838,0.188,Glyph of Warding,3,Wall of Thorns,6
0.578,0.860,0.154,Blindness,2,Flesh to Stone,6
0.577,0.897,0.098,Darkvision,2,Gaseous Form,3
0.577,0.846,0.174,Command,1,Polymorph,4
0.577,0.928,0.051,Circle of Death,6,Shatter,2
0.577,0.901,0.091,Find Familiar,1,Planar Ally,6
0.577,0.732,0.345,Invisibility,2,Remove Curse,3
0.577,0.795,0.250,Barkskin,2,Sleep,1
0.577,0.853,0.162,Death Ward,4,Protection from Energy,3
0.577,0.821,0.211,Destructive Wave,5,Shatter,2
0.577,0.891,0.105,Charm Person,1,Slow,3
0.577,0.756,0.308,Create or Destroy Water,1,Sleet Storm,3
0.577,0.854,0.160,Hold Monster,5,Polymorph,4
0.576,0.832,0.194,Blindness,2,Command,1
0.576,0.780,0.270,Chromatic Orb,1,Wall of Ice,6
0.576,0.846,0.171,Feign Death,3,Heroism,1
0.576,0.849,0.167,Bless,1,Friends,0
0.576,0.868,0.138,Darkvision,2,Heroism,1
0.576,0.833,0.190,Cure Wounds,1,Protection from Energy,3
0.576,0.914,0.069,Glyph of Warding,3,Planar Ally,6
0.576,0.827,0.200,Conjure Woodland Being,4,Flaming Sphere,2
0.576,0.841,0.179,Dominate Beast,4,Phantasmal Force,2
0.576,0.800,0.240,Arms of Hadar,1,Cone of Cold,5
0.576,0.902,0.087,Bane,1,Flesh to Stone,6
0.576,0.904,0.083,Fireball,3,Burning Hands,1
0.576,0.860,0.150,Crown of Madness,2,Hold Monster,5
0.576,0.842,0.176,Darkness,2,Stinking Cloud,3
0.576,0.812,0.222,Speak with Animals,1,Conjure Elemental,5
0.576,0.857,0.154,Death Ward,4,Resistance,0
0.576,0.811,0.222,Circle of Death,6,Burning Hands,1
0.576,0.806,0.231,Speak with Animals,1,Enhance Ability,2
0.576,0.912,0.071,Animate Dead,3,Elemental Weapon,3
0.576,0.912,0.071,Animate Dead,3,Glyph of Warding,3
0.576,0.879,0.121,Dominate Beast,4,Tasha's Hideous Laughter,1
0.576,0.879,0.121,Tasha's Hideous Laughter,1,Planar Binding,5
0.575,0.841,0.178,Spirit Guardians,3,Otiluke's Freezing Sphere,6
0.575,0.737,0.333,Cure Wounds,1,Enhance Leap,1
0.575,0.805,0.231,See Invisibility,2,Bless,1
0.575,0.815,0.216,Melf's Acid Arrow,2,Scorching Ray,2
0.575,0.874,0.128,Bane,1,Phantasmal Force,2
0.575,0.878,0.121,Chromatic Orb,1,Magic Missile,1
0.575,0.892,0.100,Blink,3,Grant Flight,3
0.575,0.753,0.308,See Invisibility,2,Grease,1
0.575,0.865,0.140,Elemental Weapon,3,Feign Death,3
0.574,0.846,0.167,Darkness,2,Web,2
0.574,0.889,0.103,Elemental Weapon,3,Haste,3
0.574,0.817,0.211,Speak with Animals,1,Revivify,3
0.574,0.883,0.111,Mage Armour,1,Stoneskin,4
0.574,0.759,0.296,See Invisibility,2,Web,2
0.574,0.779,0.267,False Life,1,Heroism,1
0.574,0.876,0.121,Charm Person,1,Command,1
0.574,0.880,0.115,Bestow Curse,3,Eyebite,6
0.574,0.790,0.250,Death Ward,4,Shield of Faith,1
0.574,0.714,0.364,Hellish Rebuke,1,Shadow Blade,2
0.574,0.885,0.108,Bane,1,Dominate Person,5
0.574,0.873,0.125,Animate Dead,3,Create or Destroy Water,1
0.574,0.842,0.171,Death Ward,4,Remove Curse,3
0.574,0.690,0.400,Animal Friendship,1,Conjure Minor Elemental,4
0.574,0.789,0.250,Feather Fall,1,Wind Walk,6
0.574,0.765,0.286,Pass Without Trace,2,Guidance,0
0.574,0.853,0.154,Blade Ward,0,Wind Walk,6
0.574,0.808,0.222,Animal Friendship,1,Flesh to Stone,6
0.573,0.741,0.323,Invisibility,2,Protection from Energy,3
0.573,0.785,0.256,Enlarge/Reduce,2,Feign Death,3
0.573,0.825,0.196,Blink,3,Heroes' Feast,6
0.573,0.870,0.129,Conjure Elemental,5,Remove Curse,3
0.573,0.689,0.400,Scorching Ray,2,Wall of Ice,6
0.573,0.862,0.140,Crown of Madness,2,Dominate Beast,4
0.573,0.862,0.140,Crown of Madness,2,Planar Binding,5
0.573,0.830,0.188,Confusion,4,Flesh to Stone,6
0.573,0.887,0.103,Dominate Beast,4,Hold Monster,5
0.573,0.825,0.195,Spike Growth,2,Wall of Ice,6
0.573,0.747,0.312,Death Ward,4,Revivify,3
0.573,0.857,0.146,Glyph of Warding,3,Plant Growth,3
0.573,0.863,0.138,Disintegrate,6,Phantasmal Force,2
0.573,0.876,0.118,Compelled Duel,1,Dominate Beast,4
0.573,0.833,0.182,Blade Ward,0,Shield,1
0.573,0.833,0.182,Blade Ward,0,Shield,1
0.573,0.833,0.182,Blade Ward,0,Shield,1
0.573,0.849,0.158,Charm Person,1,Confusion,4
0.573,0.865,0.133,Phantasmal Killer,4,Polymorph,4
0.573,0.810,0.216,Beacon of Hope,3,Bless,1
0.573,0.846,0.162,Evard's Black Tentacles,4,Darkness,2
0.573,0.816,0.207,Charm Person,1,Enthrall,2
0.572,0.838,0.174,Flesh to Stone,6,Tasha's Hideous Laughter,1
0.572,0.800,0.231,Create Undead,6,Spiritual Weapon,2
0.572,0.838,0.174,Armour of Agathys,1,Thaumaturgy,0
0.572,0.806,0.222,Animate Dead,3,Wall of Thorns,6
0.572,0.805,0.222,Barkskin,2,Colour Spray,1
0.572,0.820,0.200,Disintegrate,6,Polymorph,4
0.572,0.845,0.162,Spirit Guardians,3,Protection from Energy,3
0.572,0.769,0.276,Protection from Energy,3,Silence,2
0.572,0.861,0.138,Animate Dead,3,Feign Death,3
0.572,0.805,0.222,Barkskin,2,Protection from Poison,2
0.572,0.861,0.138,Armour of Agathys,1,Mage Armour,1
0.572,0.771,0.273,Enthrall,2,Harm,6
0.572,0.835,0.176,Hold Monster,5,Hypnotic Pattern,3
0.572,0.882,0.105,Conjure Elemental,5,Plant Growth,3
0.571,0.800,0.229,Shield,1,Misty Step,2
0.571,0.800,0.229,Shield,1,Misty Step,2
0.571,0.800,0.229,Shield,1,Misty Step,2
0.571,0.857,0.143,Animate Dead,3,Counterspell,3
0.571,0.762,0.286,Darkness,2,Globe of Invulnerability,6
0.571,0.831,0.182,Darkvision,2,Enlarge/Reduce,2
0.571,0.714,0.357,Dissonant Whispers,1,Vicious Mockery,0
0.571,0.889,0.095,Dominate Beast,4,Planar Binding,5
0.571,0.857,0.143,Dominate Beast,4,Polymorph,4
0.571,0.857,0.143,Enhance Ability,2,Gaseous Form,3
0.571,0.762,0.286,Find Familiar,1,Spiritual Weapon,2
0.571,0.762,0.286,Hex,1,Hunter's Mark,1
0.571,0.841,0.167,Dominate Person,5,Phantasmal Force,2
0.571,0.756,0.294,Contagion,5,Elemental Weapon,3
0.571,0.912,0.061,Conjure Elemental,5,Protection from Energy,3
0.571,0.804,0.222,Blindness,2,Confusion,4
0.571,0.845,0.160,Thaumaturgy,0,Haste,3
0.571,0.677,0.412,Phantasmal Killer,4,Vicious Mockery,0
0.571,0.873,0.118,Elemental Weapon,3,Remove Curse,3
0.571,0.863,0.133,Dissonant Whispers,1,Thunderwave,1
0.571,0.849,0.154,Command,1,Phantasmal Killer,4
0.571,0.846,0.158,Spike Growth,2,Wall of Fire,4
0.571,0.914,0.056,Glyph of Warding,3,Protection from Energy,3
0.571,0.868,0.125,Animal Friendship,1,Dominate Person,5
0.571,0.789,0.242,Beacon of Hope,3,Friends,0
0.571,0.789,0.242,Blade Ward,0,Feign Death,3
0.571,0.629,0.483,Produce Flame,0,Shadow Blade,2
0.571,0.769,0.273,See Invisibility,2,Entangle,1
0.571,0.761,0.286,Conjure Minor Elemental,4,Healing Word,1
0.571,0.719,0.348,Globe of Invulnerability,6,Minor Illusion,0
0.571,0.833,0.176,Otiluke's Freezing Sphere,6,Wall of Thorns,6
0.571,0.822,0.194,Haste,3,Remove Curse,3
0.570,0.860,0.136,Dominate Beast,4,Phantasmal Killer,4
0.570,0.879,0.108,Command,1,Dominate Beast,4
0.570,0.879,0.108,Dominate Person,5,Tasha's Hideous Laughter,1
0.570,0.817,0.200,Animate Dead,3,Wall of Fire,4
0.570,0.857,0.140,Shield,1,Elemental Weapon,3
0.570,0.857,0.140,Shield,1,Elemental Weapon,3
0.570,0.857,0.140,Shield,1,Elemental Weapon,3
0.570,0.772,0.267,Arms of Hadar,1,Burning Hands,1
0.570,0.854,0.143,Confusion,4,Slow,3
0.570,0.854,0.143,Planar Binding,5,Slow,3
0.570,0.828,0.182,Blindness,2,Polymorph,4
0.570,0.809,0.211,Enlarge/Reduce,2,Slow,3
0.570,0.841,0.162,Command,1,Confusion,4
0.570,0.886,0.095,Elemental Weapon,3,Glyph of Warding,3
0.569,0.857,0.138,Charm Person,1,Tasha's Hideous Laughter,1
0.569,0.759,0.286,Death Ward,4,Greater Invisibility,4
0.569,0.838,0.167,Dancing Lights,0,Wall of Stone,5
0.569,0.767,0.273,Darkvision,2,Healing Word,1
0.569,0.822,0.190,Barkskin,2,Friends,0
0.569,0.822,0.190,Guidance,0,Remove Curse,3
0.569,0.765,0.276,Bane,1,Dissonant Whispers,1
0.569,0.853,0.143,Barkskin,2,Resistance,0
0.569,0.904,0.067,Create or Destroy Water,1,Elemental Weapon,3
0.569,0.919,0.044,Blink,3,Wind Walk,6
0.569,0.795,0.231,Cure Wounds,1,Dimension Door,4
0.569,0.740,0.312,Blindness,2,Dissonant Whispers,1
0.569,0.849,0.148,Speak with Animals,1,Haste,3
0.569,0.849,0.148,Mass Cure Wounds,5,Remove Curse,3
0.569,0.805,0.214,Detect Thoughts,2,Bless,1
0.569,0.827,0.182,Blade Ward,0,Barkskin,2
0.569,0.874,0.111,Flesh to Stone,6,Polymorph,4
0.569,0.832,0.174,Polymorph,4,Otiluke's Resilient Sphere,4
0.568,0.742,0.308,Chromatic Orb,1,Fire Bolt,0
0.568,0.842,0.158,Chain Lightning,6,Fireball,3
0.568,0.842,0.158,Spirit Guardians,3,Wall of Ice,6
0.568,0.841,0.160,Enhance Ability,2,Wall of Stone,5
0.568,0.831,0.174,Magic Missile,1,Hellish Rebuke,1
0.568,0.852,0.143,Crown of Madness,2,Hold Person,2
0.568,0.889,0.087,Dominate Person,5,Planar Binding,5
0.568,0.868,0.118,Barkskin,2,Stoneskin,4
0.568,0.868,0.118,Enhance Ability,2,Enlarge/Reduce,2
0.568,0.851,0.143,Bane,1,Hypnotic Pattern,3
0.568,0.835,0.167,Gaseous Form,3,Stoneskin,4
0.568,0.876,0.105,Compelled Duel,1,Dominate Person,5
0.568,0.865,0.121,Bane,1,Planar Binding,5
0.568,0.750,0.294,Flaming Sphere,2,Spiritual Weapon,2
0.568,0.857,0.133,Counterspell,3,Otiluke's Freezing Sphere,6
0.568,0.857,0.133,Otiluke's Freezing Sphere,6,Hex,1
0.568,0.912,0.051,Conjure Elemental,5,Elemental Weapon,3
0.568,0.806,0.211,Hellish Rebuke,1,Seeming,5
0.568,0.806,0.211,Cure Wounds,1,Misty Step,2
0.568,0.806,0.211,Healing Word,1,Remove Curse,3
0.568,0.841,0.158,Conjure Elemental,5,Dimension Door,4
0.567,0.732,0.320,Enthrall,2,Remove Curse,3
0.567,0.767,0.267,Feather Fall,1,Mass Healing Word,3
0.567,0.853,0.138,Shield,1,Animate Dead,3
0.567,0.853,0.138,Shield,1,Animate Dead,3
0.567,0.853,0.138,Shield,1,Animate Dead,3
0.567,0.904,0.061,Plant Growth,3,Stinking Cloud,3
0.567,0.838,0.160,Aid,2,Mass Cure Wounds,5
0.567,0.778,0.250,Conjure Minor Elemental,4,Guidance,0
0.567,0.833,0.167,Invisibility,2,Longstrider,1
0.567,0.849,0.143,Animal Friendship,1,Planar Binding,5
0.567,0.853,0.136,Blink,3,Detect Thoughts,2
0.567,0.782,0.244,Magic Weapon,2,Stoneskin,4
0.566,0.800,0.216,Darkness,2,Darkvision,2
0.566,0.895,0.074,Grease,1,Stinking Cloud,3
0.566,0.857,0.130,Flesh to Stone,6,Phantasmal Force,2
0.566,0.771,0.259,Feign Death,3,Warding Bond,2
0.566,0.817,0.190,Spirit Guardians,3,Plant Growth,3
0.566,0.817,0.190,Conjure Minor Elemental,4,Remove Curse,3
0.566,0.611,0.500,Blindness,2,Greater Invisibility,4
0.566,0.879,0.098,Conjure Elemental,5,Otiluke's Freezing Sphere,6
0.566,0.830,0.170,Tasha's Hideous Laughter,1,Phantasmal Force,2
0.566,0.822,0.182,Crown of Madness,2,Flesh to Stone,6
0.566,0.879,0.098,Command,1,Dominate Person,5
0.566,0.822,0.182,Enlarge/Reduce,2,Otiluke's Resilient Sphere,4
0.566,0.873,0.105,Enhance Ability,2,Glyph of Warding,3
0.566,0.873,0.105,Knock,2,Longstrider,1
0.566,0.776,0.250,Barkskin,2,Greater Invisibility,4
0.566,0.843,0.150,Blindness,2,Dominate Person,5
0.566,0.822,0.182,Spirit Guardians,3,Hex,1
0.566,0.805,0.207,Darkvision,2,Sleep,1
0.566,0.795,0.222,Armour of Agathys,1,False Life,1
0.566,0.882,0.091,Otiluke's Freezing Sphere,6,Glyph of Warding,3
0.566,0.767,0.263,Death Ward,4,Invisibility,2
0.566,0.943,0.000,Conjure Minor Elemental,4,Planar Ally,6
0.566,0.827,0.174,Glyph of Warding,3,Spike Growth,2
0.566,0.789,0.231,Prayer of Healing,2,Dimension Door,4
0.566,0.713,0.345,Bane,1,Resistance,0
0.565,0.809,0.200,Heal,6,Lesser Restoration,2
0.565,0.794,0.222,Friends,0,Wall of Stone,5
0.565,0.853,0.133,Bless,1,Darkvision,2
0.565,0.720,0.333,Healing Word,1,Enhance Leap,1
0.565,0.843,0.148,Entangle,1,Sleet Storm,3
0.565,0.861,0.121,Aid,2,Shield,1
0.565,0.861,0.121,Aid,2,Shield,1
0.565,0.861,0.121,Aid,2,Shield,1
0.565,0.853,0.133,Disguise Self,1,Planar Ally,6
0.565,0.775,0.250,Heal,6,Heroism,1
0.565,0.775,0.250,Enhance Leap,1,Shield of Faith,1
0.565,0.835,0.160,Bestow Curse,3,Hold Monster,5
0.565,0.861,0.121,Shield of Faith,1,Stoneskin,4
0.565,0.871,0.105,Bane,1,Polymorph,4
0.565,0.833,0.162,Darkvision,2,Glyph of Warding,3
0.565,0.846,0.143,Haste,3,Shield of Faith,1
0.565,0.759,0.273,Shield,1,Sanctuary,1
0.565,0.759,0.273,Shield,1,Sanctuary,1
0.565,0.759,0.273,Shield,1,Sanctuary,1
0.565,0.769,0.258,Bless,1,Enlarge/Reduce,2
0.565,0.849,0.138,Bless,1,Protection from Energy,3
0.565,0.793,0.222,Ice Storm,4,Thunderwave,1
0.565,0.941,0.000,Animate Dead,3,Planar Ally,6
0.565,0.849,0.138,Crown of Madness,2,Polymorph,4
0.564,0.798,0.214,Blinding Smite,3,Wrathful Smite,1
0.564,0.857,0.125,Beacon of Hope,3,Speak with Animals,1
0.564,0.857,0.125,Conjure Minor Elemental,4,Seeming,5
0.564,0.800,0.211,Aid,2,Longstrider,1
0.564,0.845,0.143,Seeming,5,Dimension Door,4
0.564,0.849,0.136,Glyph of Warding,3,Stoneskin,4
0.564,0.899,0.062,Conjure Elemental,5,Find Familiar,1
0.564,0.803,0.205,Fireball,3,Ice Storm,4
0.564,0.811,0.194,Spirit Guardians,3,Create or Destroy Water,1
0.564,0.892,0.071,Barkskin,2,Enhance Ability,2
0.564,0.824,0.174,Disintegrate,6,Phantasmal Killer,4
0.564,0.756,0.276,Bane,1,Enlarge/Reduce,2
0.564,0.756,0.276,Wall of Ice,6,Thunderwave,1
0.564,0.828,0.167,Disintegrate,6,Thunderwave,1
0.564,0.638,0.452,Blindness,2,Invisibility,2
0.564,0.779,0.240,Enlarge/Reduce,2,Guidance,0
0.564,0.907,0.049,Haste,3,Stoneskin,4
0.563,0.853,0.129,Conjure Elemental,5,Misty Step,2
0.563,0.853,0.129,Conjure Minor Elemental,4,Otiluke's Freezing Sphere,6
0.563,0.853,0.129,Otiluke's Freezing Sphere,6,Planar Ally,6
0.563,0.806,0.200,Shield,1,Haste,3
0.563,0.806,0.200,Shield,1,Haste,3
0.563,0.806,0.200,Shield,1,Haste,3
0.563,0.800,0.208,Freedom of Movement,4,Gaseous Form,3
0.563,0.806,0.200,Hex,1,Seeming,5
0.563,0.779,0.240,Fire Bolt,0,Witch Bolt,1
0.563,0.838,0.151,Bestow Curse,3,Planar Binding,5
0.563,0.833,0.158,Command,1,Crown of Madness,2
0.563,0.832,0.160,Blindness,2,Phantasmal Force,2
0.563,0.821,0.176,Aid,2,Beacon of Hope,3
0.563,0.821,0.176,Beacon of Hope,3,Blade Ward,0
0.563,0.821,0.176,See Invisibility,2,Feign Death,3
0.563,0.817,0.182,Disguise Self,1,Wind Walk,6
0.563,0.817,0.182,Darkness,2,Otiluke's Freezing Sphere,6
0.563,0.817,0.182,Find Familiar,1,Seeming,5
0.563,0.868,0.105,Crown of Madness,2,Hypnotic Pattern,3
0.563,0.827,0.167,Hold Person,2,Hypnotic Pattern,3
0.563,0.835,0.154,Heroism,1,Sleep,1
0.563,0.857,0.121,Blade Ward,0,Death Ward,4
0.563,0.822,0.174,Longstrider,1,Protection from Energy,3
0.563,0.727,0.316,Ensnaring Strike,1,Banishing Smite,5
0.563,0.811,0.190,Fire Bolt,0,Fireball,3
0.563,0.811,0.190,Conjure Minor Elemental,4,Mage Armour,1
0.563,0.811,0.190,Enhance Leap,1,Protection from Energy,3
0.563,0.811,0.190,Longstrider,1,Remove Curse,3
0.562,0.759,0.267,Enlarge/Reduce,2,Heroism,1
0.562,0.844,0.140,Confusion,4,Crown of Madness,2
0.562,0.845,0.138,Darkness,2,Wall of Stone,5
0.562,0.819,0.176,Haste,3,Protection from Evil and Good,1
0.562,0.838,0.148,Command,1,Flesh to Stone,6
0.562,0.800,0.205,Warden of Vitality,3,Pass Without Trace,2
0.562,0.784,0.229,Destructive Wave,5,Flame Strike,5
0.562,0.829,0.162,Mass Cure Wounds,5,Otiluke's Freezing Sphere,6
0.562,0.899,0.057,Conjure Elemental,5,Enhance Ability,2
0.562,0.690,0.370,Charm Person,1,Friends,0
0.562,0.778,0.238,Cloudkill,5,Spike Growth,2
0.562,0.892,0.067,Entangle,1,Plant Growth,3
0.562,0.868,0.103,Hold Monster,5,Planar Binding,5
0.562,0.853,0.125,Planar Ally,6,Wall of Stone,5
0.562,0.870,0.100,Animate Dead,3,Remove Curse,3
0.562,0.807,0.194,Cone of Cold,5,Sunbeam,6
0.562,0.815,0.182,Protection from Poison,2,Resistance,0
0.562,0.769,0.250,Enlarge/Reduce,2,Stoneskin,4
0.561,0.874,0.093,Bestow Curse,3,Flesh to Stone,6
0.561,0.698,0.357,Divine Favour,1,Hunter's Mark,1
0.561,0.857,0.118,Flesh to Stone,6,Phantasmal Killer,4
0.561,0.880,0.083,Hellish Rebuke,1,Wall of Fire,4
0.561,0.830,0.158,Charm Person,1,Planar Binding,5
0.561,0.849,0.129,Conjure Minor Elemental,4,Goodberry,1
0.561,0.849,0.129,Elemental Weapon,3,Grant Flight,3
0.561,0.843,0.138,Mage Armour,1,Protection from Poison,2
0.561,0.805,0.195,Darkvision,2,Spike Growth,2
0.561,0.873,0.093,Spirit Guardians,3,Elemental Weapon,3
0.561,0.840,0.143,Bane,1,Otiluke's Resilient Sphere,4
0.561,0.861,0.111,Darkvision,2,Plant Growth,3
0.561,0.846,0.133,Death Ward,4,Longstrider,1
0.561,0.795,0.211,Barkskin,2,Conjure Minor Elemental,4
0.561,0.893,0.062,Bane,1,Hold Person,2
0.561,0.861,0.111,Barkskin,2,Gaseous Form,3
0.561,0.821,0.171,Feign Death,3,Mage Armour,1
0.561,0.827,0.162,Evard's Black Tentacles,4,Glyph of Warding,3
0.561,0.877,0.087,Blink,3,Darkvision,2
0.561,0.824,0.167,Blindness,2,Planar Binding,5
0.561,0.848,0.129,Otiluke's Freezing Sphere,6,Wall of Stone,5
0.561,0.902,0.049,Hold Person,2,Slow,3
0.561,0.816,0.178,Otiluke's Freezing Sphere,6,Blade Barrier,6
0.560,0.879,0.083,Burning Hands,1,Lightning Bolt,3
0.560,0.842,0.138,Darkvision,2,Mage Armour,1
0.560,0.845,0.133,Spirit Guardians,3,Conjure Minor Elemental,4
0.560,0.786,0.222,Barkskin,2,Invisibility,2
0.560,0.865,0.103,Hypnotic Pattern,3,Phantasmal Killer,4
0.560,0.775,0.238,Circle of Death,6,Otiluke's Freezing Sphere,6
0.560,0.882,0.077,Conjure Elemental,5,Seeming,5
0.560,0.827,0.160,Banishment,4,Otiluke's Resilient Sphere,4
0.560,0.816,0.176,Magic Missile,1,Spirit Guardians,3
0.560,0.667,0.400,Magic Missile,1,Burning Hands,1
0.560,0.833,0.150,Conjure Elemental,5,Feign Death,3
0.560,0.800,0.200,Counterspell,3,Sleep,1
0.560,0.880,0.080,Create or Destroy Water,1,Darkvision,2
0.560,0.800,0.200,Protection from Energy,3,Spike Growth,2
0.560,0.795,0.207,Heroism,1,Protection from Poison,2
0.560,0.870,0.095,Animate Dead,3,Find Familiar,1
0.560,0.755,0.267,Fire Bolt,0,Inflict Wounds,1
0.560,0.780,0.229,Pass Without Trace,2,Wind Walk,6
0.560,0.817,0.174,Remove Curse,3,Revivify,3
0.560,0.849,0.125,Barkskin,2,Elemental Weapon,3
0.560,0.864,0.103,Armour of Agathys,1,Beacon of Hope,3
0.560,0.806,0.190,Aid,2,Revivify,3
0.560,0.806,0.190,Thaumaturgy,0,Bless,1
0.559,0.769,0.245,Bestow Curse,3,Enlarge/Reduce,2
0.559,0.843,0.133,Mage Armour,1,Warding Bond,2
0.559,0.682,0.375,Acid Splash,0,Fire Bolt,0
0.559,0.833,0.148,Conjure Elemental,5,Fog Cloud,1
0.559,0.765,0.250,Darkvision,2,Speak with Dead,3
0.559,0.811,0.182,Blur,2,Bless,1
0.559,0.811,0.182,Cure Wounds,1,Darkvision,2
0.559,0.710,0.333,Acid Splash,0,Thunderwave,1
0.559,0.904,0.042,Blink,3,Haste,3
0.559,0.860,0.108,Command,1,Planar Binding,5
0.559,0.832,0.150,Chain Lightning,6,Cone of Cold,5
0.559,0.874,0.087,Arms of Hadar,1,Lightning Bolt,3
0.559,0.882,0.074,Animate Dead,3,Plant Growth,3
0.559,0.816,0.174,Darkvision,2,Colour Spray,1
0.559,0.886,0.069,Conjure Minor Elemental,4,Glyph of Warding,3
0.559,0.886,0.069,Elemental Weapon,3,Planar Ally,6
0.559,0.886,0.069,Glyph of Warding,3,Seeming,5
0.559,0.795,0.205,Stoneskin,4,Wall of Ice,6
0.559,0.865,0.100,Enhance Ability,2,Stoneskin,4
0.559,0.729,0.303,Bane,1,Elemental Weapon,3
0.559,0.853,0.118,Animate Dead,3,Revivify,3
0.559,0.861,0.105,Blink,3,Blur,2
0.559,0.857,0.111,Counterspell,3,Knock,2
0.559,0.829,0.154,Animate Dead,3,Cure Wounds,1
0.559,0.829,0.154,Conjure Elemental,5,Guidance,0
0.559,0.842,0.133,Feign Death,3,Guidance,0
0.558,0.854,0.114,Fireball,3,Circle of Death,6
0.558,0.773,0.235,Barkskin,2,Cure Wounds,1
0.558,0.835,0.143,Animal Friendship,1,Polymorph,4
0.558,0.849,0.121,Conjure Elemental,5,Web,2
0.558,0.816,0.171,Heroism,1,Hex,1
0.558,0.782,0.222,Circle of Death,6,Enlarge/Reduce,2
0.558,0.874,0.083,Bane,1,Tasha's Hideous Laughter,1
0.558,0.808,0.182,Disintegrate,6,Harm,6
0.558,0.796,0.200,Enthrall,2,Hold Monster,5
0.558,0.827,0.154,Enhance Ability,2,Feign Death,3
0.558,0.769,0.240,Inflict Wounds,1,Protection from Energy,3
0.558,0.827,0.154,Mage Armour,1,Remove Curse,3
0.558,0.857,0.108,Shield,1,Protection from Energy,3
0.558,0.857,0.108,Shield,1,Protection from Energy,3
0.558,0.857,0.108,Shield,1,Protection from Energy,3
0.557,0.690,0.359,Conjure Elemental,5,Planar Binding,5
0.557,0.747,0.273,Conjure Minor Elemental,4,Spiritual Weapon,2
0.557,0.780,0.222,Heroism,1,Silence,2
0.557,0.791,0.207,Wall of Fire,4,Lightning Bolt,3
0.557,0.690,0.357,Destructive Wave,5,Entangle,1
0.557,0.887,0.062,Tasha's Hideous Laughter,1,Hold Person,2
0.557,0.845,0.125,Bless,1,Conjure Elemental,5
0.557,0.845,0.125,Conjure Elemental,5,Grease,1
0.557,0.882,0.069,Disguise Self,1,Shield,1
0.557,0.882,0.069,Disguise Self,1,Shield,1
0.557,0.882,0.069,Disguise Self,1,Shield,1
0.557,0.882,0.069,Bane,1,Charm Person,1
0.557,0.777,0.227,Disintegrate,6,Dominate Beast,4
0.557,0.795,0.200,Dancing Lights,0,Darkvision,2
0.557,0.842,0.129,Goodberry,1,Longstrider,1
0.557,0.706,0.333,Ray of Frost,0,Ray of Sickness,1
0.557,0.706,0.333,Enthrall,2,Enhance Leap,1
0.557,0.817,0.167,Otiluke's Freezing Sphere,6,Stinking Cloud,3
0.557,0.769,0.238,Elemental Weapon,3,Otto's Irresistible Dance,6
0.557,0.795,0.200,Hellish Rebuke,1,Speak with Animals,1
0.557,0.844,0.125,Conjure Woodland Being,4,Create Undead,6
0.557,0.849,0.118,Elemental Weapon,3,Stinking Cloud,3
0.557,0.849,0.118,Enhance Ability,2,Resistance,0
0.557,0.849,0.118,Glyph of Warding,3,Stinking Cloud,3
0.557,0.849,0.118,Glyph of Warding,3,Wall of Fire,4
0.557,0.851,0.114,Blindness,2,Hold Person,2
0.556,0.789,0.207,See Invisibility,2,Resistance,0
0.556,0.800,0.190,Conjure Minor Elemental,4,Misty Step,2
0.556,0.800,0.190,Conjure Minor Elemental,4,Sleep,1
0.556,0.800,0.190,Seeming,5,Sleep,1
0.556,0.846,0.121,Gaseous Form,3,Guidance,0
0.556,0.816,0.167,Blade Ward,0,Mage Armour,1
0.556,0.816,0.167,Stoneskin,4,Wall of Fire,4
0.556,0.882,0.067,Bane,1,Hold Monster,5
0.556,0.806,0.182,Conjure Minor Elemental,4,Mass Cure Wounds,5
0.556,0.691,0.353,Pass Without Trace,2,Mass Cure Wounds,5
0.556,0.773,0.231,Wall of Fire,4,Thunderwave,1
0.556,0.731,0.293,Ice Knife,1,Cone of Cold,5
0.556,0.805,0.182,Disguise Self,1,Mirror Image,2
0.556,0.831,0.143,Wind Walk,6,Heroism,1
0.556,0.805,0.182,Create or Destroy Water,1,Heroism,1
0.556,0.829,0.145,Stoneskin,4,Warding Bond,2
0.556,0.759,0.250,Armour of Agathys,1,Divine Favour,1
0.556,0.824,0.154,Disguise Self,1,Prayer of Healing,2
0.556,0.786,0.211,Death Ward,4,Protection from Poison,2
0.555,0.876,0.074,Animal Friendship,1,Hold Person,2
0.555,0.857,0.103,Protection from Evil and Good,1,Stoneskin,4
0.555,0.849,0.114,Conjure Elemental,5,Enlarge/Reduce,2
0.555,0.865,0.091,Aid,2,Blade Ward,0
0.555,0.891,0.051,Hold Monster,5,Slow,3
0.555,0.693,0.348,Feather Fall,1,Mass Cure Wounds,5
0.555,0.800,0.188,Sanctuary,1,Shield of Faith,1
0.555,0.776,0.222,Greater Invisibility,4,Stoneskin,4
0.555,0.822,0.154,Speak with Animals,1,Resistance,0
0.555,0.822,0.154,Enhance Ability,2,Hex,1
0.555,0.715,0.314,Melf's Acid Arrow,2,Ice Knife,1
0.555,0.892,0.049,Blink,3,Barkskin,2
0.554,0.838,0.129,Flesh to Stone,6,Hold Person,2
0.554,0.882,0.062,Elemental Weapon,3,Knock,2
0.554,0.868,0.083,Bless,1,Grant Flight,3
0.554,0.784,0.211,Enthrall,2,Polymorph,4
0.554,0.835,0.133,Banishment,4,Slow,3
0.554,0.835,0.133,Charm Person,1,Compelled Duel,1
0.554,0.857,0.100,Arms of Hadar,1,Thunderwave,1
0.554,0.857,0.100,Conjure Elemental,5,Hex,1
0.554,0.829,0.143,Cure Wounds,1,Wall of Stone,5
0.554,0.795,0.194,Feather Fall,1,Shield,1
0.554,0.795,0.194,Feather Fall,1,Shield,1
0.554,0.795,0.194,Feather Fall,1,Shield,1
0.554,0.828,0.143,Blindness,2,Compelled Duel,1
0.554,0.845,0.118,Animate Dead,3,Grant Flight,3
0.554,0.845,0.118,Create or Destroy Water,1,Wall of Stone,5
0.554,0.771,0.229,Fire Shield,4,Hellish Rebuke,1
0.554,0.849,0.111,Grant Flight,3,Seeming,5
0.554,0.863,0.091,Phantasmal Killer,4,Slow,3
0.554,0.853,0.105,Conjure Minor Elemental,4,Knock,2
0.554,0.889,0.051,Blink,3,Speak with Animals,1
0.554,0.880,0.065,Guidance,0,Stoneskin,4
0.554,0.870,0.080,Find Familiar,1,Knock,2
0.554,0.805,0.176,Magic Missile,1,Hex,1
0.554,0.789,0.200,Enhance Ability,2,Sleep,1
0.554,0.756,0.250,Sleet Storm,3,Stoneskin,4
0.554,0.877,0.069,Elemental Weapon,3,Longstrider,1
0.554,0.760,0.244,Chromatic Orb,1,Witch Bolt,1
0.553,0.816,0.160,Protection from Energy,3,Shield of Faith,1
0.553,0.645,0.417,Otiluke's Resilient Sphere,4,Sacred Flame,0
0.553,0.835,0.130,Beacon of Hope,3,Stoneskin,4
0.553,0.756,0.250,Calm Emotions,2,Freedom of Movement,4
0.553,0.857,0.098,Dominate Person,5,Hypnotic Pattern,3
0.553,0.827,0.143,Charm Person,1,Flesh to Stone,6
0.553,0.862,0.091,Counterspell,3,Protection from Energy,3
0.553,0.841,0.121,Confusion,4,Tasha's Hideous Laughter,1
0.553,0.822,0.150,Enlarge/Reduce,2,Otiluke's Freezing Sphere,6
0.553,0.806,0.174,Counterspell,3,Darkvision,2
0.553,0.827,0.143,Bless,1,Mass Cure Wounds,5
0.553,0.795,0.190,Aid,2,Shield of Faith,1
0.553,0.795,0.190,Blade Ward,0,Shield of Faith,1
0.553,0.868,0.080,Wind Walk,6,Grant Flight,3
0.553,0.886,0.054,Blink,3,Thaumaturgy,0
0.553,0.861,0.091,Thaumaturgy,0,Wind Walk,6
0.553,0.784,0.207,Divine Favour,1,Elemental Weapon,3
0.553,0.760,0.242,Enthrall,2,Planar Binding,5
0.553,0.773,0.222,Feather Fall,1,Haste,3
0.553,0.773,0.222,Speak with Animals,1,Fog Cloud,1
0.553,0.724,0.296,Scorching Ray,2,Cone of Cold,5
0.553,0.845,0.114,Find Familiar,1,Glyph of Warding,3
0.553,0.838,0.125,Speak with Animals,1,Stoneskin,4
0.553,0.794,0.190,Bless,1,Counterspell,3
0.553,0.699,0.333,Cure Wounds,1,Enthrall,2
0.553,0.796,0.188,Magic Missile,1,Witch Bolt,1
0.552,0.818,0.154,Counterspell,3,Healing Word,1
0.552,0.857,0.095,Animate Dead,3,Mass Cure Wounds,5
0.552,0.857,0.095,Heroism,1,Longstrider,1
0.552,0.857,0.095,Longstrider,1,Mage Armour,1
0.552,0.783,0.207,Thunderous Smite,1,Wrathful Smite,1
0.552,0.842,0.118,Prayer of Healing,2,Heal,6
0.552,0.842,0.118,Create or Destroy Water,1,Longstrider,1
0.552,0.784,0.205,Hex,1,Resistance,0
0.552,0.829,0.138,Cure Wounds,1,Otiluke's Freezing Sphere,6
0.552,0.708,0.318,Otto's Irresistible Dance,6,Phantasmal Killer,4
0.552,0.865,0.083,Speak with Animals,1,Wind Walk,6
0.552,0.880,0.061,Dissonant Whispers,1,Lightning Bolt,3
0.552,0.825,0.143,Magic Missile,1,Wall of Ice,6
0.552,0.730,0.286,Healing Word,1,Longstrider,1
0.552,0.795,0.188,Darkvision,2,Invisibility,2
0.552,0.831,0.133,Death Ward,4,Guidance,0
0.552,0.817,0.154,Chain Lightning,6,Flame Strike,5
0.552,0.753,0.250,Healing Word,1,Shield of Faith,1
0.552,0.767,0.229,Magic Weapon,2,Resistance,0
0.552,0.868,0.077,Wind Walk,6,Barkskin,2
0.552,0.831,0.133,Conjure Minor Elemental,4,Counterspell,3
0.552,0.831,0.133,Counterspell,3,Seeming,5
0.552,0.753,0.250,Entangle,1,Globe of Invulnerability,6
0.552,0.705,0.323,Command,1,Protection from Energy,3
0.552,0.849,0.105,Blink,3,Guidance,0
0.552,0.805,0.171,Enlarge/Reduce,2,Haste,3
0.552,0.833,0.129,Conjure Elemental,5,Heroism,1
0.552,0.849,0.105,Chain Lightning,6,Lightning Bolt,3
0.551,0.845,0.111,Blade Ward,0,Thaumaturgy,0
0.551,0.845,0.111,Animate Dead,3,Barkskin,2
0.551,0.775,0.216,Darkvision,2,Otto's Irresistible Dance,6
0.551,0.747,0.258,Globe of Invulnerability,6,Resistance,0
0.551,0.871,0.071,Animal Friendship,1,Slow,3
0.551,0.824,0.143,Conjure Elemental,5,Revivify,3
0.551,0.760,0.238,Circle of Death,6,Phantasmal Killer,4
0.551,0.865,0.080,Animal Friendship,1,Hold Monster,5
0.551,0.865,0.080,Compelled Duel,1,Tasha's Hideous Laughter,1
0.551,0.848,0.105,Knock,2,Wall of Stone,5
0.551,0.789,0.194,Speak with Animals,1,Death Ward,4
0.551,0.882,0.054,Command,1,Slow,3
0.551,0.767,0.226,Bestow Curse,3,Elemental Weapon,3
0.551,0.782,0.205,Chromatic Orb,1,Destructive Wave,5
0.551,0.816,0.154,Spirit Guardians,3,Enlarge/Reduce,2
0.551,0.886,0.049,Elemental Weapon,3,Plant Growth,3
0.551,0.865,0.080,Enhance Ability,2,Longstrider,1
0.551,0.829,0.133,Sleet Storm,3,Stinking Cloud,3
0.551,0.744,0.261,Contagion,5,Entangle,1
0.551,0.880,0.057,Plant Growth,3,Web,2
0.551,0.761,0.235,Guiding Bolt,1,Ray of Frost,0
0.551,0.861,0.085,Blink,3,Enhance Ability,2
0.551,0.765,0.229,Elemental Weapon,3,Globe of Invulnerability,6
0.551,0.829,0.133,Dissonant Whispers,1,Sunbeam,6
0.551,0.800,0.176,Chromatic Orb,1,Wall of Fire,4
0.550,0.829,0.133,Shield,1,Seeming,5
0.550,0.829,0.133,Shield,1,Seeming,5
0.550,0.829,0.133,Shield,1,Seeming,5
0.550,0.829,0.133,Animate Dead,3,Guidance,0
0.550,0.780,0.205,Blink,3,Calm Emotions,2
0.550,0.843,0.111,Blindness,2,Dominate Beast,4
0.550,0.756,0.242,Cloudkill,5,Wall of Ice,6
0.550,0.822,0.143,Darkness,2,Elemental Weapon,3
0.550,0.822,0.143,Longstrider,1,Plant Growth,3
0.550,0.822,0.143,Protection from Energy,3,Stinking Cloud,3
0.550,0.806,0.167,Counterspell,3,Resistance,0
0.550,0.833,0.125,Feather Fall,1,Thaumaturgy,0
0.550,0.806,0.167,Conjure Minor Elemental,4,Darkvision,2
0.550,0.833,0.125,Guidance,0,Seeming,5
0.550,0.833,0.125,Sleet Storm,3,Web,2
